,Feature_A,Feature_B,Correlation
0,id,id,1.0
1,id,host_response_rate,-0.04604120108098609
2,id,host_acceptance_rate,0.03254848758334241
3,id,latitude,0.08984192115892303
4,id,longtitude,-0.010871398426573035
5,id,accomodates,-0.050574430809028355
6,id,bathrooms,-0.004475859783785153
7,id,bedrooms,-0.049580615305885166
8,id,beds,-0.04619928281320913
9,id,price,-0.05919774035226149
10,id,security_deposit,-0.0802382412231228
11,id,cleaning_fee,-0.1407892739414087
12,id,extra_people,-0.06640426805932383
13,id,number_of_reviews,-0.4379885460695023
14,id,review_scores_rating,-0.32045901962911
15,id,wireless_internet,-0.036248988637513184
16,id,smoke_detector,0.048559798488314876
17,id,air_conditioning,-0.07097533829112601
18,id,heating,-0.07605996346184662
19,id,cable_tv,-0.251039761341009
20,id,washer,-0.037376528027891764
21,id,dryer,0.055605785845830286
22,id,family_kid_friendly,0.0392339693976315
23,id,kitchen,-0.012355695158978976
24,id,free_parking,-0.03476455013003381
25,id,carbon_monoxide,0.030128145856666105
26,id,pets_allowed,0.0244077571161036
27,id,essentials,0.1962239713684593
28,id,checkin_24hr,0.09196890423285838
29,id,lock_on_bedroom_door,0.24120619926135886
30,id,pool,0.0020848074887562197
31,id,hair_dryer,0.19144531943673862
32,id,gym,0.03658202208724836
33,id,wheelchair_accessible,-0.038687208320389355
34,id,iron,0.2121559661233459
35,id,shampoo,0.11582314533172904
36,id,hangers,0.2995086473981452
37,id,first_aid_kit,-0.034668273480159946
38,id,elevator,0.05056665433947572
39,host_response_rate,id,-0.04604120108098609
40,host_response_rate,host_response_rate,1.0
41,host_response_rate,host_acceptance_rate,0.7659509006863121
42,host_response_rate,latitude,-0.03306598965748321
43,host_response_rate,longtitude,0.06341160010325919
44,host_response_rate,accomodates,0.07818248040321128
45,host_response_rate,bathrooms,0.0402024316306515
46,host_response_rate,bedrooms,0.01456883921912638
47,host_response_rate,beds,0.053758039391660115
48,host_response_rate,price,-0.04677232752021151
49,host_response_rate,security_deposit,0.057971361580878324
50,host_response_rate,cleaning_fee,0.17582906546776253
51,host_response_rate,extra_people,0.10959088555502501
52,host_response_rate,number_of_reviews,0.21493794610129002
53,host_response_rate,review_scores_rating,0.30155086389081537
54,host_response_rate,wireless_internet,0.0948037411025348
55,host_response_rate,smoke_detector,0.00736639977570708
56,host_response_rate,air_conditioning,0.13001836533932667
57,host_response_rate,heating,0.06627998240012908
58,host_response_rate,cable_tv,0.04125147826685049
59,host_response_rate,washer,-0.0017074504005947164
60,host_response_rate,dryer,0.08258892839839067
61,host_response_rate,family_kid_friendly,0.09042593230462143
62,host_response_rate,kitchen,-0.010183440732814032
63,host_response_rate,free_parking,0.035569806333766024
64,host_response_rate,carbon_monoxide,0.07804997533303781
65,host_response_rate,pets_allowed,0.001848572640626361
66,host_response_rate,essentials,0.08034388745040788
67,host_response_rate,checkin_24hr,0.11819880364220343
68,host_response_rate,lock_on_bedroom_door,0.03218832223943619
69,host_response_rate,pool,0.005796391933592525
70,host_response_rate,hair_dryer,0.16728503094603317
71,host_response_rate,gym,0.00024069552694118255
72,host_response_rate,wheelchair_accessible,-0.04773363935358475
73,host_response_rate,iron,0.1639315868129248
74,host_response_rate,shampoo,0.17143258159680255
75,host_response_rate,hangers,0.14394871301984777
76,host_response_rate,first_aid_kit,0.05734051460390361
77,host_response_rate,elevator,-0.039385344569262376
78,host_acceptance_rate,id,0.03254848758334241
79,host_acceptance_rate,host_response_rate,0.7659509006863121
80,host_acceptance_rate,host_acceptance_rate,1.0
81,host_acceptance_rate,latitude,-0.10243035831873006
82,host_acceptance_rate,longtitude,0.016981307918995898
83,host_acceptance_rate,accomodates,0.006819209034550552
84,host_acceptance_rate,bathrooms,-0.022483830956425116
85,host_acceptance_rate,bedrooms,-0.03042824400777982
86,host_acceptance_rate,beds,0.027706343219502248
87,host_acceptance_rate,price,-0.10564213849524609
88,host_acceptance_rate,security_deposit,0.09546027451237903
89,host_acceptance_rate,cleaning_fee,0.07355555305893945
90,host_acceptance_rate,extra_people,0.11893660150387855
91,host_acceptance_rate,number_of_reviews,0.2662164911290883
92,host_acceptance_rate,review_scores_rating,0.279210417881673
93,host_acceptance_rate,wireless_internet,0.07890647704481236
94,host_acceptance_rate,smoke_detector,0.09523244352583224
95,host_acceptance_rate,air_conditioning,0.052515925522918054
96,host_acceptance_rate,heating,0.03817832905342902
97,host_acceptance_rate,cable_tv,-0.06003977776185399
98,host_acceptance_rate,washer,-0.08111830956779383
99,host_acceptance_rate,dryer,0.03969084190846869
100,host_acceptance_rate,family_kid_friendly,0.023781226867654767
101,host_acceptance_rate,kitchen,-0.018845933598261727
102,host_acceptance_rate,free_parking,0.05280004646328417
103,host_acceptance_rate,carbon_monoxide,0.13519575727301242
104,host_acceptance_rate,pets_allowed,0.017083337571845644
105,host_acceptance_rate,essentials,0.06659258394206302
106,host_acceptance_rate,checkin_24hr,0.10138054631341843
107,host_acceptance_rate,lock_on_bedroom_door,0.07453089692688154
108,host_acceptance_rate,pool,-0.08457853578869155
109,host_acceptance_rate,hair_dryer,0.16145538824654207
110,host_acceptance_rate,gym,-0.14521412014425
111,host_acceptance_rate,wheelchair_accessible,-0.0580320431220561
112,host_acceptance_rate,iron,0.13930975005382631
113,host_acceptance_rate,shampoo,0.16156723352623883
114,host_acceptance_rate,hangers,0.18307549393637107
115,host_acceptance_rate,first_aid_kit,0.09521713542458109
116,host_acceptance_rate,elevator,-0.14194593847716733
117,latitude,id,0.08984192115892303
118,latitude,host_response_rate,-0.03306598965748321
119,latitude,host_acceptance_rate,-0.10243035831873006
120,latitude,latitude,1.0
121,latitude,longtitude,0.31932660333561014
122,latitude,accomodates,0.053818104518351166
123,latitude,bathrooms,-0.0174904836077349
124,latitude,bedrooms,-0.046416011894517405
125,latitude,beds,-0.010242852705826665
126,latitude,price,0.19627026175970663
127,latitude,security_deposit,0.003552123026012188
128,latitude,cleaning_fee,0.13238147672568076
129,latitude,extra_people,-0.011368497954413867
130,latitude,number_of_reviews,-0.03918844892107677
131,latitude,review_scores_rating,-0.06593769162148004
132,latitude,wireless_internet,-0.008579058957773054
133,latitude,smoke_detector,-0.08261411726299801
134,latitude,air_conditioning,0.16359637951195427
135,latitude,heating,0.042052706565413704
136,latitude,cable_tv,0.12443274390213935
137,latitude,washer,0.006911613927935814
138,latitude,dryer,0.041445895984543485
139,latitude,family_kid_friendly,0.021906638359225582
140,latitude,kitchen,0.06614669864055338
141,latitude,free_parking,-0.35888761234775485
142,latitude,carbon_monoxide,-0.08607994752028345
143,latitude,pets_allowed,0.023899608655373973
144,latitude,essentials,0.05805498893116038
145,latitude,checkin_24hr,0.11288266295468233
146,latitude,lock_on_bedroom_door,-0.062015796448350646
147,latitude,pool,0.06198143689093319
148,latitude,hair_dryer,0.06270998960220044
149,latitude,gym,0.12241293245901111
150,latitude,wheelchair_accessible,0.06352578427264637
151,latitude,iron,0.043469888942365344
152,latitude,shampoo,0.0638250730976828
153,latitude,hangers,0.014755637212030314
154,latitude,first_aid_kit,-0.16579935328607265
155,latitude,elevator,0.22087231796840254
156,longtitude,id,-0.010871398426573035
157,longtitude,host_response_rate,0.06341160010325919
158,longtitude,host_acceptance_rate,0.016981307918995898
159,longtitude,latitude,0.31932660333561014
160,longtitude,longtitude,1.0
161,longtitude,accomodates,0.08365830304338015
162,longtitude,bathrooms,0.008590883308356355
163,longtitude,bedrooms,0.014763257394778248
164,longtitude,beds,0.03305383884025498
165,longtitude,price,0.16562080531424025
166,longtitude,security_deposit,0.04887550752638331
167,longtitude,cleaning_fee,0.1191392183688865
168,longtitude,extra_people,-0.005538271055332084
169,longtitude,number_of_reviews,0.07583418031126939
170,longtitude,review_scores_rating,0.06625246647072199
171,longtitude,wireless_internet,0.0069120302991249214
172,longtitude,smoke_detector,-0.012306650677967245
173,longtitude,air_conditioning,0.1479795325312872
174,longtitude,heating,0.03178143831317101
175,longtitude,cable_tv,0.1382308575790085
176,longtitude,washer,-0.024672404649374192
177,longtitude,dryer,-0.004011743380860029
178,longtitude,family_kid_friendly,0.03647052537887723
179,longtitude,kitchen,0.04869263117444886
180,longtitude,free_parking,-0.20835165209188597
181,longtitude,carbon_monoxide,0.00793392948687974
182,longtitude,pets_allowed,0.03912235208817329
183,longtitude,essentials,0.012994469277219216
184,longtitude,checkin_24hr,0.05847419096241819
185,longtitude,lock_on_bedroom_door,-0.03423366561485819
186,longtitude,pool,0.028390521471393235
187,longtitude,hair_dryer,0.04902948184847642
188,longtitude,gym,0.09004900938115247
189,longtitude,wheelchair_accessible,0.07535491988825505
190,longtitude,iron,0.07663915128892708
191,longtitude,shampoo,0.01439576480472901
192,longtitude,hangers,0.005580743365166204
193,longtitude,first_aid_kit,-0.0979619241787684
194,longtitude,elevator,0.0976988818543481
195,accomodates,id,-0.050574430809028355
196,accomodates,host_response_rate,0.07818248040321128
197,accomodates,host_acceptance_rate,0.006819209034550552
198,accomodates,latitude,0.053818104518351166
199,accomodates,longtitude,0.08365830304338015
200,accomodates,accomodates,1.0
201,accomodates,bathrooms,0.3469503809973119
202,accomodates,bedrooms,0.7244006499418703
203,accomodates,beds,0.8151864949351051
204,accomodates,price,0.43775624066944224
205,accomodates,security_deposit,0.1729681275744866
206,accomodates,cleaning_fee,0.40990260298572334
207,accomodates,extra_people,0.14595453988398394
208,accomodates,number_of_reviews,-0.0018104799562140763
209,accomodates,review_scores_rating,0.026985658574576795
210,accomodates,wireless_internet,0.05236906448610703
211,accomodates,smoke_detector,0.021202588473856036
212,accomodates,air_conditioning,0.21198390613213736
213,accomodates,heating,0.09768514079951272
214,accomodates,cable_tv,0.2182939845495969
215,accomodates,washer,0.10000368426067587
216,accomodates,dryer,0.13365293208219317
217,accomodates,family_kid_friendly,0.4045714055855257
218,accomodates,kitchen,0.14104547131649753
219,accomodates,free_parking,0.08416525611592995
220,accomodates,carbon_monoxide,0.07005815774995149
221,accomodates,pets_allowed,0.10487881999108598
222,accomodates,essentials,0.1168201160136031
223,accomodates,checkin_24hr,0.23559611584777032
224,accomodates,lock_on_bedroom_door,-0.17665863098086848
225,accomodates,pool,0.08915795000697972
226,accomodates,hair_dryer,0.18670468273832125
227,accomodates,gym,0.13746052113425503
228,accomodates,wheelchair_accessible,0.021196961836575625
229,accomodates,iron,0.18745232634620418
230,accomodates,shampoo,0.13833572282173817
231,accomodates,hangers,0.10538456089835396
232,accomodates,first_aid_kit,0.004847028132821344
233,accomodates,elevator,0.0963445982291292
234,bathrooms,id,-0.004475859783785153
235,bathrooms,host_response_rate,0.0402024316306515
236,bathrooms,host_acceptance_rate,-0.022483830956425116
237,bathrooms,latitude,-0.0174904836077349
238,bathrooms,longtitude,0.008590883308356355
239,bathrooms,accomodates,0.3469503809973119
240,bathrooms,bathrooms,1.0
241,bathrooms,bedrooms,0.4283323126725675
242,bathrooms,beds,0.3515437285483414
243,bathrooms,price,0.24869528412165873
244,bathrooms,security_deposit,0.0785735025610491
245,bathrooms,cleaning_fee,0.1960952236593294
246,bathrooms,extra_people,-0.004507227800602762
247,bathrooms,number_of_reviews,-0.03461496400282352
248,bathrooms,review_scores_rating,-0.0240461740545523
249,bathrooms,wireless_internet,0.06347600723470502
250,bathrooms,smoke_detector,-0.013152343543523999
251,bathrooms,air_conditioning,0.09243571661073252
252,bathrooms,heating,0.06728910192768392
253,bathrooms,cable_tv,0.11091129158280177
254,bathrooms,washer,0.1564104907205862
255,bathrooms,dryer,0.11485450454987174
256,bathrooms,family_kid_friendly,0.14793184462396905
257,bathrooms,kitchen,0.06413843034454013
258,bathrooms,free_parking,0.09083852520454921
259,bathrooms,carbon_monoxide,0.044801555300115696
260,bathrooms,pets_allowed,-0.023987259140499886
261,bathrooms,essentials,0.03961294689029145
262,bathrooms,checkin_24hr,0.054441749436215915
263,bathrooms,lock_on_bedroom_door,-0.058238234462782555
264,bathrooms,pool,0.07685543894919697
265,bathrooms,hair_dryer,0.04214357030092009
266,bathrooms,gym,0.13785405948441634
267,bathrooms,wheelchair_accessible,-0.0418179392683197
268,bathrooms,iron,0.057926960078445305
269,bathrooms,shampoo,0.024646212114142616
270,bathrooms,hangers,0.0005557941792255886
271,bathrooms,first_aid_kit,0.007795277874996456
272,bathrooms,elevator,0.05499505613909427
273,bedrooms,id,-0.049580615305885166
274,bedrooms,host_response_rate,0.01456883921912638
275,bedrooms,host_acceptance_rate,-0.03042824400777982
276,bedrooms,latitude,-0.046416011894517405
277,bedrooms,longtitude,0.014763257394778248
278,bedrooms,accomodates,0.7244006499418703
279,bedrooms,bathrooms,0.4283323126725675
280,bedrooms,bedrooms,1.0
281,bedrooms,beds,0.7093364592702233
282,bedrooms,price,0.3824182603615791
283,bedrooms,security_deposit,0.17618095734430128
284,bedrooms,cleaning_fee,0.2974681307971696
285,bedrooms,extra_people,0.0816339890642665
286,bedrooms,number_of_reviews,-0.042396324786610234
287,bedrooms,review_scores_rating,-0.00023575115873270827
288,bedrooms,wireless_internet,0.039619969656610785
289,bedrooms,smoke_detector,0.04269905360023667
290,bedrooms,air_conditioning,0.086510681301529
291,bedrooms,heating,0.046168055439881776
292,bedrooms,cable_tv,0.14205032292650288
293,bedrooms,washer,0.1088720850785754
294,bedrooms,dryer,0.09399906106840339
295,bedrooms,family_kid_friendly,0.31041114562475547
296,bedrooms,kitchen,0.0985861765093542
297,bedrooms,free_parking,0.13955070416119417
298,bedrooms,carbon_monoxide,0.08369110173281308
299,bedrooms,pets_allowed,0.058632781794984976
300,bedrooms,essentials,0.09679928465019488
301,bedrooms,checkin_24hr,0.16154659207850372
302,bedrooms,lock_on_bedroom_door,-0.12399832474009573
303,bedrooms,pool,0.06551828204185747
304,bedrooms,hair_dryer,0.09891818075604529
305,bedrooms,gym,0.09892771294929105
306,bedrooms,wheelchair_accessible,-0.006243619616319479
307,bedrooms,iron,0.10463074999113618
308,bedrooms,shampoo,0.0874753603273553
309,bedrooms,hangers,0.08318960083221244
310,bedrooms,first_aid_kit,0.033704853685421754
311,bedrooms,elevator,0.031817238565390045
312,beds,id,-0.04619928281320913
313,beds,host_response_rate,0.053758039391660115
314,beds,host_acceptance_rate,0.027706343219502248
315,beds,latitude,-0.010242852705826665
316,beds,longtitude,0.03305383884025498
317,beds,accomodates,0.8151864949351051
318,beds,bathrooms,0.3515437285483414
319,beds,bedrooms,0.7093364592702233
320,beds,beds,1.0
321,beds,price,0.37140736433174754
322,beds,security_deposit,0.18838821142275458
323,beds,cleaning_fee,0.34746771949676736
324,beds,extra_people,0.15474145027786976
325,beds,number_of_reviews,-0.007960869743343745
326,beds,review_scores_rating,0.03671410230223045
327,beds,wireless_internet,0.03849404797720607
328,beds,smoke_detector,0.07662583416953009
329,beds,air_conditioning,0.1386044139485058
330,beds,heating,0.07490069114105555
331,beds,cable_tv,0.12391857567647142
332,beds,washer,0.07951172065703271
333,beds,dryer,0.09203894934853388
334,beds,family_kid_friendly,0.31238332973489974
335,beds,kitchen,0.10232512165762254
336,beds,free_parking,0.12656097054813267
337,beds,carbon_monoxide,0.10720983442281458
338,beds,pets_allowed,0.08438301690351474
339,beds,essentials,0.08868575305825517
340,beds,checkin_24hr,0.18348573845831298
341,beds,lock_on_bedroom_door,-0.13469565339610418
342,beds,pool,0.03224971297794482
343,beds,hair_dryer,0.14604063158043384
344,beds,gym,0.052735917899043167
345,beds,wheelchair_accessible,-0.0021346822028478316
346,beds,iron,0.13819687761789315
347,beds,shampoo,0.11534110878391725
348,beds,hangers,0.11129841249825323
349,beds,first_aid_kit,0.052342601085739786
350,beds,elevator,0.022385008026486956
351,price,id,-0.05919774035226149
352,price,host_response_rate,-0.04677232752021151
353,price,host_acceptance_rate,-0.10564213849524609
354,price,latitude,0.19627026175970663
355,price,longtitude,0.16562080531424025
356,price,accomodates,0.43775624066944224
357,price,bathrooms,0.24869528412165873
358,price,bedrooms,0.3824182603615791
359,price,beds,0.37140736433174754
360,price,price,1.0
361,price,security_deposit,0.15200360683218675
362,price,cleaning_fee,0.2993204327806856
363,price,extra_people,0.02870330000987505
364,price,number_of_reviews,-0.09642705760760255
365,price,review_scores_rating,-0.07304267389137528
366,price,wireless_internet,0.011988878036589589
367,price,smoke_detector,-0.017887657755311075
368,price,air_conditioning,0.22043386592754044
369,price,heating,0.06041767546170656
370,price,cable_tv,0.2269806620650489
371,price,washer,0.12568686046459274
372,price,dryer,0.10546701290540143
373,price,family_kid_friendly,0.22653881309791848
374,price,kitchen,0.09514593454310223
375,price,free_parking,-0.11207734599035193
376,price,carbon_monoxide,-0.0012705098529238248
377,price,pets_allowed,0.07163826902371906
378,price,essentials,0.029871394270754862
379,price,checkin_24hr,0.11362670073515414
380,price,lock_on_bedroom_door,-0.13130456787607117
381,price,pool,0.08842222976508067
382,price,hair_dryer,0.08446431528752739
383,price,gym,0.18446308303676479
384,price,wheelchair_accessible,0.06091075210092289
385,price,iron,0.09430450335191688
386,price,shampoo,0.042782882621474595
387,price,hangers,0.009879647042002646
388,price,first_aid_kit,-0.06028423212020892
389,price,elevator,0.22150272401870144
390,security_deposit,id,-0.0802382412231228
391,security_deposit,host_response_rate,0.057971361580878324
392,security_deposit,host_acceptance_rate,0.09546027451237903
393,security_deposit,latitude,0.003552123026012188
394,security_deposit,longtitude,0.04887550752638331
395,security_deposit,accomodates,0.1729681275744866
396,security_deposit,bathrooms,0.0785735025610491
397,security_deposit,bedrooms,0.17618095734430128
398,security_deposit,beds,0.18838821142275458
399,security_deposit,price,0.15200360683218675
400,security_deposit,security_deposit,1.0
401,security_deposit,cleaning_fee,0.3107334308950162
402,security_deposit,extra_people,0.10235859700955534
403,security_deposit,number_of_reviews,-0.014904856005655963
404,security_deposit,review_scores_rating,0.08150164129453538
405,security_deposit,wireless_internet,0.05616887530759162
406,security_deposit,smoke_detector,0.11167451831338643
407,security_deposit,air_conditioning,0.056948724484593885
408,security_deposit,heating,0.0563535576004066
409,security_deposit,cable_tv,0.06113651309284943
410,security_deposit,washer,0.042681255150373514
411,security_deposit,dryer,0.05370480659956107
412,security_deposit,family_kid_friendly,0.024082680585748036
413,security_deposit,kitchen,0.07805311328096307
414,security_deposit,free_parking,0.004937636272471465
415,security_deposit,carbon_monoxide,0.10380947830874278
416,security_deposit,pets_allowed,0.005115133564793594
417,security_deposit,essentials,0.01815494541190604
418,security_deposit,checkin_24hr,0.044220194268084344
419,security_deposit,lock_on_bedroom_door,-0.02243939268192473
420,security_deposit,pool,-0.017081133374012854
421,security_deposit,hair_dryer,0.08456787335166503
422,security_deposit,gym,-0.07009508708303785
423,security_deposit,wheelchair_accessible,0.02685659606487896
424,security_deposit,iron,0.04979190585964087
425,security_deposit,shampoo,0.018188472981552066
426,security_deposit,hangers,0.0739993004705425
427,security_deposit,first_aid_kit,0.03692994396530847
428,security_deposit,elevator,0.0064530427108261046
429,cleaning_fee,id,-0.1407892739414087
430,cleaning_fee,host_response_rate,0.17582906546776253
431,cleaning_fee,host_acceptance_rate,0.07355555305893945
432,cleaning_fee,latitude,0.13238147672568076
433,cleaning_fee,longtitude,0.1191392183688865
434,cleaning_fee,accomodates,0.40990260298572334
435,cleaning_fee,bathrooms,0.1960952236593294
436,cleaning_fee,bedrooms,0.2974681307971696
437,cleaning_fee,beds,0.34746771949676736
438,cleaning_fee,price,0.2993204327806856
439,cleaning_fee,security_deposit,0.3107334308950162
440,cleaning_fee,cleaning_fee,1.0
441,cleaning_fee,extra_people,0.05728299404948412
442,cleaning_fee,number_of_reviews,-0.10782154337973508
443,cleaning_fee,review_scores_rating,-0.0094364864001478
444,cleaning_fee,wireless_internet,0.05840385277610516
445,cleaning_fee,smoke_detector,-0.058281205708420915
446,cleaning_fee,air_conditioning,0.2218236460547541
447,cleaning_fee,heating,0.11710573417754924
448,cleaning_fee,cable_tv,0.3268577305046521
449,cleaning_fee,washer,0.17513283121358134
450,cleaning_fee,dryer,0.14826170894835705
451,cleaning_fee,family_kid_friendly,0.1736541624932011
452,cleaning_fee,kitchen,0.15401187956969464
453,cleaning_fee,free_parking,-0.08138036696206583
454,cleaning_fee,carbon_monoxide,-0.0521973550151996
455,cleaning_fee,pets_allowed,0.04245695525525794
456,cleaning_fee,essentials,-0.05006622834930518
457,cleaning_fee,checkin_24hr,0.11699578004710265
458,cleaning_fee,lock_on_bedroom_door,-0.16630062580927743
459,cleaning_fee,pool,0.18283493447561147
460,cleaning_fee,hair_dryer,0.06112989617278923
461,cleaning_fee,gym,0.22804249662280765
462,cleaning_fee,wheelchair_accessible,0.04002098818970035
463,cleaning_fee,iron,0.062331947682540696
464,cleaning_fee,shampoo,-0.014213691020859323
465,cleaning_fee,hangers,0.012936330883559412
466,cleaning_fee,first_aid_kit,-0.11316615835584909
467,cleaning_fee,elevator,0.18273060311732373
468,extra_people,id,-0.06640426805932383
469,extra_people,host_response_rate,0.10959088555502501
470,extra_people,host_acceptance_rate,0.11893660150387855
471,extra_people,latitude,-0.011368497954413867
472,extra_people,longtitude,-0.005538271055332084
473,extra_people,accomodates,0.14595453988398394
474,extra_people,bathrooms,-0.004507227800602762
475,extra_people,bedrooms,0.0816339890642665
476,extra_people,beds,0.15474145027786976
477,extra_people,price,0.02870330000987505
478,extra_people,security_deposit,0.10235859700955534
479,extra_people,cleaning_fee,0.05728299404948412
480,extra_people,extra_people,1.0
481,extra_people,number_of_reviews,0.09110150870791682
482,extra_people,review_scores_rating,0.1287678504676004
483,extra_people,wireless_internet,0.04390894493231741
484,extra_people,smoke_detector,0.12690019060940083
485,extra_people,air_conditioning,0.06624898833816126
486,extra_people,heating,0.07091440405119626
487,extra_people,cable_tv,-0.009988073705822883
488,extra_people,washer,-0.012338410061708513
489,extra_people,dryer,0.01195974335704801
490,extra_people,family_kid_friendly,0.03497328760469143
491,extra_people,kitchen,0.00986848027426397
492,extra_people,free_parking,0.09163555719854063
493,extra_people,carbon_monoxide,0.13150052239534782
494,extra_people,pets_allowed,0.024328337985182105
495,extra_people,essentials,0.09903245812562692
496,extra_people,checkin_24hr,0.0467948326883806
497,extra_people,lock_on_bedroom_door,0.0114881851862826
498,extra_people,pool,-0.07792300216950138
499,extra_people,hair_dryer,0.08543117969317922
500,extra_people,gym,-0.1389244994549328
501,extra_people,wheelchair_accessible,-0.0068992010807225005
502,extra_people,iron,0.06756608790495547
503,extra_people,shampoo,0.10604916908122979
504,extra_people,hangers,0.08078598658631186
505,extra_people,first_aid_kit,0.13539367151832998
506,extra_people,elevator,-0.14381894528480657
507,number_of_reviews,id,-0.4379885460695023
508,number_of_reviews,host_response_rate,0.21493794610129002
509,number_of_reviews,host_acceptance_rate,0.2662164911290883
510,number_of_reviews,latitude,-0.03918844892107677
511,number_of_reviews,longtitude,0.07583418031126939
512,number_of_reviews,accomodates,-0.0018104799562140763
513,number_of_reviews,bathrooms,-0.03461496400282352
514,number_of_reviews,bedrooms,-0.042396324786610234
515,number_of_reviews,beds,-0.007960869743343745
516,number_of_reviews,price,-0.09642705760760255
517,number_of_reviews,security_deposit,-0.014904856005655963
518,number_of_reviews,cleaning_fee,-0.10782154337973508
519,number_of_reviews,extra_people,0.09110150870791682
520,number_of_reviews,number_of_reviews,1.0
521,number_of_reviews,review_scores_rating,0.2867982582734247
522,number_of_reviews,wireless_internet,0.06457539778125455
523,number_of_reviews,smoke_detector,0.07587636385718537
524,number_of_reviews,air_conditioning,0.098077932152731
525,number_of_reviews,heating,0.06784064155559538
526,number_of_reviews,cable_tv,0.03888738856995435
527,number_of_reviews,washer,-0.05160981350483389
528,number_of_reviews,dryer,-0.004067717027612525
529,number_of_reviews,family_kid_friendly,0.029212334783297097
530,number_of_reviews,kitchen,-0.0596857471067119
531,number_of_reviews,free_parking,0.06246370080742496
532,number_of_reviews,carbon_monoxide,0.10770635990539429
533,number_of_reviews,pets_allowed,-0.0006573002440399692
534,number_of_reviews,essentials,0.026301992784424178
535,number_of_reviews,checkin_24hr,0.06974127310247875
536,number_of_reviews,lock_on_bedroom_door,-0.05858202588432491
537,number_of_reviews,pool,-0.07661299074459613
538,number_of_reviews,hair_dryer,0.02516355517276544
539,number_of_reviews,gym,-0.12741106565771135
540,number_of_reviews,wheelchair_accessible,-0.017408851506358618
541,number_of_reviews,iron,0.0031912938215703794
542,number_of_reviews,shampoo,0.08046018791636413
543,number_of_reviews,hangers,-0.02635642184613483
544,number_of_reviews,first_aid_kit,0.14590168738225218
545,number_of_reviews,elevator,-0.13185274492971133
546,review_scores_rating,id,-0.32045901962911
547,review_scores_rating,host_response_rate,0.30155086389081537
548,review_scores_rating,host_acceptance_rate,0.279210417881673
549,review_scores_rating,latitude,-0.06593769162148004
550,review_scores_rating,longtitude,0.06625246647072199
551,review_scores_rating,accomodates,0.026985658574576795
552,review_scores_rating,bathrooms,-0.0240461740545523
553,review_scores_rating,bedrooms,-0.00023575115873270827
554,review_scores_rating,beds,0.03671410230223045
555,review_scores_rating,price,-0.07304267389137528
556,review_scores_rating,security_deposit,0.08150164129453538
557,review_scores_rating,cleaning_fee,-0.0094364864001478
558,review_scores_rating,extra_people,0.1287678504676004
559,review_scores_rating,number_of_reviews,0.2867982582734247
560,review_scores_rating,review_scores_rating,1.0
561,review_scores_rating,wireless_internet,0.09939871135525861
562,review_scores_rating,smoke_detector,0.17260055147783604
563,review_scores_rating,air_conditioning,0.046186941490084024
564,review_scores_rating,heating,0.08441591392424722
565,review_scores_rating,cable_tv,0.07541539422524893
566,review_scores_rating,washer,-0.003922707930048193
567,review_scores_rating,dryer,0.004607725887968488
568,review_scores_rating,family_kid_friendly,-0.015258625320149086
569,review_scores_rating,kitchen,0.011149538679087276
570,review_scores_rating,free_parking,0.05161777888071955
571,review_scores_rating,carbon_monoxide,0.1647176201809548
572,review_scores_rating,pets_allowed,0.02734682430425533
573,review_scores_rating,essentials,0.02346478992681764
574,review_scores_rating,checkin_24hr,0.09014610062219862
575,review_scores_rating,lock_on_bedroom_door,-0.07344280094563699
576,review_scores_rating,pool,-0.09031125018276144
577,review_scores_rating,hair_dryer,0.03366115354226157
578,review_scores_rating,gym,-0.18638733216611908
579,review_scores_rating,wheelchair_accessible,0.018343287414526545
580,review_scores_rating,iron,0.025446988307622386
581,review_scores_rating,shampoo,0.05838433428010823
582,review_scores_rating,hangers,0.022964692707571708
583,review_scores_rating,first_aid_kit,0.12542348946392443
584,review_scores_rating,elevator,-0.13764247598728707
585,wireless_internet,id,-0.036248988637513184
586,wireless_internet,host_response_rate,0.0948037411025348
587,wireless_internet,host_acceptance_rate,0.07890647704481236
588,wireless_internet,latitude,-0.008579058957773054
589,wireless_internet,longtitude,0.0069120302991249214
590,wireless_internet,accomodates,0.05236906448610703
591,wireless_internet,bathrooms,0.06347600723470502
592,wireless_internet,bedrooms,0.039619969656610785
593,wireless_internet,beds,0.03849404797720607
594,wireless_internet,price,0.011988878036589589
595,wireless_internet,security_deposit,0.05616887530759162
596,wireless_internet,cleaning_fee,0.05840385277610516
597,wireless_internet,extra_people,0.04390894493231741
598,wireless_internet,number_of_reviews,0.06457539778125455
599,wireless_internet,review_scores_rating,0.09939871135525861
600,wireless_internet,wireless_internet,1.0
601,wireless_internet,smoke_detector,0.16458490944009618
602,wireless_internet,air_conditioning,0.12078969131762544
603,wireless_internet,heating,0.2774284564581201
604,wireless_internet,cable_tv,0.14679021534598488
605,wireless_internet,washer,0.11037030904263517
606,wireless_internet,dryer,0.17229696306097414
607,wireless_internet,family_kid_friendly,0.06783408958712712
608,wireless_internet,kitchen,0.19848307153400657
609,wireless_internet,free_parking,0.06438426698224663
610,wireless_internet,carbon_monoxide,0.1252266497392005
611,wireless_internet,pets_allowed,-0.00299270015769764
612,wireless_internet,essentials,0.1941669589589757
613,wireless_internet,checkin_24hr,0.11785673391601566
614,wireless_internet,lock_on_bedroom_door,0.014518898041230527
615,wireless_internet,pool,0.021461408498494036
616,wireless_internet,hair_dryer,0.15179480184261773
617,wireless_internet,gym,0.0035802520378182667
618,wireless_internet,wheelchair_accessible,-0.021672771908194725
619,wireless_internet,iron,0.1432108223153885
620,wireless_internet,shampoo,0.19887039854500216
621,wireless_internet,hangers,0.11496257580739819
622,wireless_internet,first_aid_kit,0.05445299689637986
623,wireless_internet,elevator,0.008438823171673084
624,smoke_detector,id,0.048559798488314876
625,smoke_detector,host_response_rate,0.00736639977570708
626,smoke_detector,host_acceptance_rate,0.09523244352583224
627,smoke_detector,latitude,-0.08261411726299801
628,smoke_detector,longtitude,-0.012306650677967245
629,smoke_detector,accomodates,0.021202588473856036
630,smoke_detector,bathrooms,-0.013152343543523999
631,smoke_detector,bedrooms,0.04269905360023667
632,smoke_detector,beds,0.07662583416953009
633,smoke_detector,price,-0.017887657755311075
634,smoke_detector,security_deposit,0.11167451831338643
635,smoke_detector,cleaning_fee,-0.058281205708420915
636,smoke_detector,extra_people,0.12690019060940083
637,smoke_detector,number_of_reviews,0.07587636385718537
638,smoke_detector,review_scores_rating,0.17260055147783604
639,smoke_detector,wireless_internet,0.16458490944009618
640,smoke_detector,smoke_detector,1.0
641,smoke_detector,air_conditioning,0.04073166941471514
642,smoke_detector,heating,0.14961321306206624
643,smoke_detector,cable_tv,-0.04173917315296804
644,smoke_detector,washer,0.025190938766138597
645,smoke_detector,dryer,0.1070987814734178
646,smoke_detector,family_kid_friendly,0.019953151171995722
647,smoke_detector,kitchen,0.05511584386488654
648,smoke_detector,free_parking,0.10605920074413651
649,smoke_detector,carbon_monoxide,0.6772860527566595
650,smoke_detector,pets_allowed,0.04248301981482146
651,smoke_detector,essentials,0.24221733944977397
652,smoke_detector,checkin_24hr,0.10409043727051552
653,smoke_detector,lock_on_bedroom_door,0.1625308447545026
654,smoke_detector,pool,-0.09306973660731978
655,smoke_detector,hair_dryer,0.17631612218981027
656,smoke_detector,gym,-0.1551602121929253
657,smoke_detector,wheelchair_accessible,0.04602236742948978
658,smoke_detector,iron,0.17947760070485178
659,smoke_detector,shampoo,0.1633815581730412
660,smoke_detector,hangers,0.21569594708094228
661,smoke_detector,first_aid_kit,0.29207331221091043
662,smoke_detector,elevator,-0.09801513785677059
663,air_conditioning,id,-0.07097533829112601
664,air_conditioning,host_response_rate,0.13001836533932667
665,air_conditioning,host_acceptance_rate,0.052515925522918054
666,air_conditioning,latitude,0.16359637951195427
667,air_conditioning,longtitude,0.1479795325312872
668,air_conditioning,accomodates,0.21198390613213736
669,air_conditioning,bathrooms,0.09243571661073252
670,air_conditioning,bedrooms,0.086510681301529
671,air_conditioning,beds,0.1386044139485058
672,air_conditioning,price,0.22043386592754044
673,air_conditioning,security_deposit,0.056948724484593885
674,air_conditioning,cleaning_fee,0.2218236460547541
675,air_conditioning,extra_people,0.06624898833816126
676,air_conditioning,number_of_reviews,0.098077932152731
677,air_conditioning,review_scores_rating,0.046186941490084024
678,air_conditioning,wireless_internet,0.12078969131762544
679,air_conditioning,smoke_detector,0.04073166941471514
680,air_conditioning,air_conditioning,1.0
681,air_conditioning,heating,0.24920600542798896
682,air_conditioning,cable_tv,0.2659542739005175
683,air_conditioning,washer,0.16124953878029916
684,air_conditioning,dryer,0.19049618039702332
685,air_conditioning,family_kid_friendly,0.18738467925198615
686,air_conditioning,kitchen,0.1126242167111631
687,air_conditioning,free_parking,-0.040183893887092766
688,air_conditioning,carbon_monoxide,0.060534549743409605
689,air_conditioning,pets_allowed,0.04491313412114861
690,air_conditioning,essentials,0.11758534556291783
691,air_conditioning,checkin_24hr,0.13264529977005088
692,air_conditioning,lock_on_bedroom_door,-0.06834376925753216
693,air_conditioning,pool,0.10588235970941434
694,air_conditioning,hair_dryer,0.12390019121922612
695,air_conditioning,gym,0.17633911664619462
696,air_conditioning,wheelchair_accessible,0.07032783380319384
697,air_conditioning,iron,0.17109486885455238
698,air_conditioning,shampoo,0.13519746478025713
699,air_conditioning,hangers,0.04662108296253237
700,air_conditioning,first_aid_kit,0.020188127912428844
701,air_conditioning,elevator,0.1939650996082495
702,heating,id,-0.07605996346184662
703,heating,host_response_rate,0.06627998240012908
704,heating,host_acceptance_rate,0.03817832905342902
705,heating,latitude,0.042052706565413704
706,heating,longtitude,0.03178143831317101
707,heating,accomodates,0.09768514079951272
708,heating,bathrooms,0.06728910192768392
709,heating,bedrooms,0.046168055439881776
710,heating,beds,0.07490069114105555
711,heating,price,0.06041767546170656
712,heating,security_deposit,0.0563535576004066
713,heating,cleaning_fee,0.11710573417754924
714,heating,extra_people,0.07091440405119626
715,heating,number_of_reviews,0.06784064155559538
716,heating,review_scores_rating,0.08441591392424722
717,heating,wireless_internet,0.2774284564581201
718,heating,smoke_detector,0.14961321306206624
719,heating,air_conditioning,0.24920600542798896
720,heating,heating,1.0
721,heating,cable_tv,0.15579243138564697
722,heating,washer,0.13313650737307708
723,heating,dryer,0.19530964727851674
724,heating,family_kid_friendly,0.1283556912961496
725,heating,kitchen,0.22789123039342565
726,heating,free_parking,0.040352295636997285
727,heating,carbon_monoxide,0.1272700864340485
728,heating,pets_allowed,0.032758197904669314
729,heating,essentials,0.2152322210495592
730,heating,checkin_24hr,0.1117990516313372
731,heating,lock_on_bedroom_door,-0.022996429592935727
732,heating,pool,0.0291879917323799
733,heating,hair_dryer,0.1274110698733677
734,heating,gym,0.0636345939466989
735,heating,wheelchair_accessible,0.02619464035717602
736,heating,iron,0.14429414051125306
737,heating,shampoo,0.1754021537867277
738,heating,hangers,0.14218417816312737
739,heating,first_aid_kit,0.06796143642133731
740,heating,elevator,0.0726492780751896
741,cable_tv,id,-0.251039761341009
742,cable_tv,host_response_rate,0.04125147826685049
743,cable_tv,host_acceptance_rate,-0.06003977776185399
744,cable_tv,latitude,0.12443274390213935
745,cable_tv,longtitude,0.1382308575790085
746,cable_tv,accomodates,0.2182939845495969
747,cable_tv,bathrooms,0.11091129158280177
748,cable_tv,bedrooms,0.14205032292650288
749,cable_tv,beds,0.12391857567647142
750,cable_tv,price,0.2269806620650489
751,cable_tv,security_deposit,0.06113651309284943
752,cable_tv,cleaning_fee,0.3268577305046521
753,cable_tv,extra_people,-0.009988073705822883
754,cable_tv,number_of_reviews,0.03888738856995435
755,cable_tv,review_scores_rating,0.07541539422524893
756,cable_tv,wireless_internet,0.14679021534598488
757,cable_tv,smoke_detector,-0.04173917315296804
758,cable_tv,air_conditioning,0.2659542739005175
759,cable_tv,heating,0.15579243138564697
760,cable_tv,cable_tv,1.0
761,cable_tv,washer,0.10985409026223301
762,cable_tv,dryer,0.10861637259317246
763,cable_tv,family_kid_friendly,0.15292028755216486
764,cable_tv,kitchen,0.15010029460405624
765,cable_tv,free_parking,-0.09843214479828406
766,cable_tv,carbon_monoxide,-0.013975732176310545
767,cable_tv,pets_allowed,0.06038456665441941
768,cable_tv,essentials,0.053816558119031646
769,cable_tv,checkin_24hr,0.19717909255840035
770,cable_tv,lock_on_bedroom_door,-0.14828208034817109
771,cable_tv,pool,0.13510775521745386
772,cable_tv,hair_dryer,0.053414147669548974
773,cable_tv,gym,0.2156463986942453
774,cable_tv,wheelchair_accessible,0.08112880193930926
775,cable_tv,iron,0.11548257287352169
776,cable_tv,shampoo,0.035380766025255424
777,cable_tv,hangers,-0.01688204132499163
778,cable_tv,first_aid_kit,-0.07064258856728754
779,cable_tv,elevator,0.18553035172548846
780,washer,id,-0.037376528027891764
781,washer,host_response_rate,-0.0017074504005947164
782,washer,host_acceptance_rate,-0.08111830956779383
783,washer,latitude,0.006911613927935814
784,washer,longtitude,-0.024672404649374192
785,washer,accomodates,0.10000368426067587
786,washer,bathrooms,0.1564104907205862
787,washer,bedrooms,0.1088720850785754
788,washer,beds,0.07951172065703271
789,washer,price,0.12568686046459274
790,washer,security_deposit,0.042681255150373514
791,washer,cleaning_fee,0.17513283121358134
792,washer,extra_people,-0.012338410061708513
793,washer,number_of_reviews,-0.05160981350483389
794,washer,review_scores_rating,-0.003922707930048193
795,washer,wireless_internet,0.11037030904263517
796,washer,smoke_detector,0.025190938766138597
797,washer,air_conditioning,0.16124953878029916
798,washer,heating,0.13313650737307708
799,washer,cable_tv,0.10985409026223301
800,washer,washer,1.0
801,washer,dryer,0.628352458441706
802,washer,family_kid_friendly,0.136024489976316
803,washer,kitchen,0.2345241079904351
804,washer,free_parking,0.05567044882541586
805,washer,carbon_monoxide,0.006603131232401524
806,washer,pets_allowed,0.025514634069593974
807,washer,essentials,0.09107638682125857
808,washer,checkin_24hr,0.059663586201291426
809,washer,lock_on_bedroom_door,-0.03604782607842663
810,washer,pool,0.11844884893749467
811,washer,hair_dryer,0.055180618126560096
812,washer,gym,0.2133398345880175
813,washer,wheelchair_accessible,0.07528282238324023
814,washer,iron,0.04464466640334896
815,washer,shampoo,0.08194300213426348
816,washer,hangers,0.028645606439248236
817,washer,first_aid_kit,0.010739295568169835
818,washer,elevator,0.21514216174172857
819,dryer,id,0.055605785845830286
820,dryer,host_response_rate,0.08258892839839067
821,dryer,host_acceptance_rate,0.03969084190846869
822,dryer,latitude,0.041445895984543485
823,dryer,longtitude,-0.004011743380860029
824,dryer,accomodates,0.13365293208219317
825,dryer,bathrooms,0.11485450454987174
826,dryer,bedrooms,0.09399906106840339
827,dryer,beds,0.09203894934853388
828,dryer,price,0.10546701290540143
829,dryer,security_deposit,0.05370480659956107
830,dryer,cleaning_fee,0.14826170894835705
831,dryer,extra_people,0.01195974335704801
832,dryer,number_of_reviews,-0.004067717027612525
833,dryer,review_scores_rating,0.004607725887968488
834,dryer,wireless_internet,0.17229696306097414
835,dryer,smoke_detector,0.1070987814734178
836,dryer,air_conditioning,0.19049618039702332
837,dryer,heating,0.19530964727851674
838,dryer,cable_tv,0.10861637259317246
839,dryer,washer,0.628352458441706
840,dryer,dryer,1.0
841,dryer,family_kid_friendly,0.15463223637500526
842,dryer,kitchen,0.19042119833910387
843,dryer,free_parking,0.040281540293545214
844,dryer,carbon_monoxide,0.10358006385915611
845,dryer,pets_allowed,0.013725596063445308
846,dryer,essentials,0.22961169370798112
847,dryer,checkin_24hr,0.22069879257394068
848,dryer,lock_on_bedroom_door,0.04496240978465376
849,dryer,pool,0.08157245083514865
850,dryer,hair_dryer,0.44935534545459954
851,dryer,gym,0.13932378544922266
852,dryer,wheelchair_accessible,0.05452677003589988
853,dryer,iron,0.31538076375748536
854,dryer,shampoo,0.24672731142931853
855,dryer,hangers,0.2928610360435231
856,dryer,first_aid_kit,0.061742179774925056
857,dryer,elevator,0.16017972093271976
858,family_kid_friendly,id,0.0392339693976315
859,family_kid_friendly,host_response_rate,0.09042593230462143
860,family_kid_friendly,host_acceptance_rate,0.023781226867654767
861,family_kid_friendly,latitude,0.021906638359225582
862,family_kid_friendly,longtitude,0.03647052537887723
863,family_kid_friendly,accomodates,0.4045714055855257
864,family_kid_friendly,bathrooms,0.14793184462396905
865,family_kid_friendly,bedrooms,0.31041114562475547
866,family_kid_friendly,beds,0.31238332973489974
867,family_kid_friendly,price,0.22653881309791848
868,family_kid_friendly,security_deposit,0.024082680585748036
869,family_kid_friendly,cleaning_fee,0.1736541624932011
870,family_kid_friendly,extra_people,0.03497328760469143
871,family_kid_friendly,number_of_reviews,0.029212334783297097
872,family_kid_friendly,review_scores_rating,-0.015258625320149086
873,family_kid_friendly,wireless_internet,0.06783408958712712
874,family_kid_friendly,smoke_detector,0.019953151171995722
875,family_kid_friendly,air_conditioning,0.18738467925198615
876,family_kid_friendly,heating,0.1283556912961496
877,family_kid_friendly,cable_tv,0.15292028755216486
878,family_kid_friendly,washer,0.136024489976316
879,family_kid_friendly,dryer,0.15463223637500526
880,family_kid_friendly,family_kid_friendly,1.0
881,family_kid_friendly,kitchen,0.10579687459873013
882,family_kid_friendly,free_parking,0.060176145798946666
883,family_kid_friendly,carbon_monoxide,0.03590218018778636
884,family_kid_friendly,pets_allowed,0.18776661155571092
885,family_kid_friendly,essentials,0.1418989165278627
886,family_kid_friendly,checkin_24hr,0.17393163896638109
887,family_kid_friendly,lock_on_bedroom_door,-0.07030570655077874
888,family_kid_friendly,pool,0.14539076375866386
889,family_kid_friendly,hair_dryer,0.15448948089442394
890,family_kid_friendly,gym,0.22124598305502705
891,family_kid_friendly,wheelchair_accessible,0.08721527964928118
892,family_kid_friendly,iron,0.17021016768009017
893,family_kid_friendly,shampoo,0.17897254880917945
894,family_kid_friendly,hangers,0.1254460346585078
895,family_kid_friendly,first_aid_kit,0.016125820347298928
896,family_kid_friendly,elevator,0.1772108279526158
897,kitchen,id,-0.012355695158978976
898,kitchen,host_response_rate,-0.010183440732814032
899,kitchen,host_acceptance_rate,-0.018845933598261727
900,kitchen,latitude,0.06614669864055338
901,kitchen,longtitude,0.04869263117444886
902,kitchen,accomodates,0.14104547131649753
903,kitchen,bathrooms,0.06413843034454013
904,kitchen,bedrooms,0.0985861765093542
905,kitchen,beds,0.10232512165762254
906,kitchen,price,0.09514593454310223
907,kitchen,security_deposit,0.07805311328096307
908,kitchen,cleaning_fee,0.15401187956969464
909,kitchen,extra_people,0.00986848027426397
910,kitchen,number_of_reviews,-0.0596857471067119
911,kitchen,review_scores_rating,0.011149538679087276
912,kitchen,wireless_internet,0.19848307153400657
913,kitchen,smoke_detector,0.05511584386488654
914,kitchen,air_conditioning,0.1126242167111631
915,kitchen,heating,0.22789123039342565
916,kitchen,cable_tv,0.15010029460405624
917,kitchen,washer,0.2345241079904351
918,kitchen,dryer,0.19042119833910387
919,kitchen,family_kid_friendly,0.10579687459873013
920,kitchen,kitchen,1.0
921,kitchen,free_parking,-0.022494277169951372
922,kitchen,carbon_monoxide,0.04107781497295901
923,kitchen,pets_allowed,0.06406663632299346
924,kitchen,essentials,0.11758854906552299
925,kitchen,checkin_24hr,0.07116554371979182
926,kitchen,lock_on_bedroom_door,-0.11640698500815495
927,kitchen,pool,0.04108041967555791
928,kitchen,hair_dryer,0.03832992759407379
929,kitchen,gym,0.08046014383925176
930,kitchen,wheelchair_accessible,0.03248922323251965
931,kitchen,iron,0.049255265210157474
932,kitchen,shampoo,0.08005408675998593
933,kitchen,hangers,0.0235969079645741
934,kitchen,first_aid_kit,-0.019268547969704536
935,kitchen,elevator,0.11711420798285907
936,free_parking,id,-0.03476455013003381
937,free_parking,host_response_rate,0.035569806333766024
938,free_parking,host_acceptance_rate,0.05280004646328417
939,free_parking,latitude,-0.35888761234775485
940,free_parking,longtitude,-0.20835165209188597
941,free_parking,accomodates,0.08416525611592995
942,free_parking,bathrooms,0.09083852520454921
943,free_parking,bedrooms,0.13955070416119417
944,free_parking,beds,0.12656097054813267
945,free_parking,price,-0.11207734599035193
946,free_parking,security_deposit,0.004937636272471465
947,free_parking,cleaning_fee,-0.08138036696206583
948,free_parking,extra_people,0.09163555719854063
949,free_parking,number_of_reviews,0.06246370080742496
950,free_parking,review_scores_rating,0.05161777888071955
951,free_parking,wireless_internet,0.06438426698224663
952,free_parking,smoke_detector,0.10605920074413651
953,free_parking,air_conditioning,-0.040183893887092766
954,free_parking,heating,0.040352295636997285
955,free_parking,cable_tv,-0.09843214479828406
956,free_parking,washer,0.05567044882541586
957,free_parking,dryer,0.040281540293545214
958,free_parking,family_kid_friendly,0.060176145798946666
959,free_parking,kitchen,-0.022494277169951372
960,free_parking,free_parking,1.0
961,free_parking,carbon_monoxide,0.11420344613286959
962,free_parking,pets_allowed,0.023326517165581047
963,free_parking,essentials,0.04344268600435625
964,free_parking,checkin_24hr,-0.005785287704890377
965,free_parking,lock_on_bedroom_door,0.01737570815908286
966,free_parking,pool,-0.020696740775280855
967,free_parking,hair_dryer,0.017999506130905563
968,free_parking,gym,-0.06626305189003937
969,free_parking,wheelchair_accessible,-0.03534601748156861
970,free_parking,iron,0.018024126129772985
971,free_parking,shampoo,0.08260603839160292
972,free_parking,hangers,0.03430525701799495
973,free_parking,first_aid_kit,0.1613917347122868
974,free_parking,elevator,-0.165082146207866
975,carbon_monoxide,id,0.030128145856666105
976,carbon_monoxide,host_response_rate,0.07804997533303781
977,carbon_monoxide,host_acceptance_rate,0.13519575727301242
978,carbon_monoxide,latitude,-0.08607994752028345
979,carbon_monoxide,longtitude,0.00793392948687974
980,carbon_monoxide,accomodates,0.07005815774995149
981,carbon_monoxide,bathrooms,0.044801555300115696
982,carbon_monoxide,bedrooms,0.08369110173281308
983,carbon_monoxide,beds,0.10720983442281458
984,carbon_monoxide,price,-0.0012705098529238248
985,carbon_monoxide,security_deposit,0.10380947830874278
986,carbon_monoxide,cleaning_fee,-0.0521973550151996
987,carbon_monoxide,extra_people,0.13150052239534782
988,carbon_monoxide,number_of_reviews,0.10770635990539429
989,carbon_monoxide,review_scores_rating,0.1647176201809548
990,carbon_monoxide,wireless_internet,0.1252266497392005
991,carbon_monoxide,smoke_detector,0.6772860527566595
992,carbon_monoxide,air_conditioning,0.060534549743409605
993,carbon_monoxide,heating,0.1272700864340485
994,carbon_monoxide,cable_tv,-0.013975732176310545
995,carbon_monoxide,washer,0.006603131232401524
996,carbon_monoxide,dryer,0.10358006385915611
997,carbon_monoxide,family_kid_friendly,0.03590218018778636
998,carbon_monoxide,kitchen,0.04107781497295901
999,carbon_monoxide,free_parking,0.11420344613286959
1000,carbon_monoxide,carbon_monoxide,1.0
1001,carbon_monoxide,pets_allowed,0.03313506981244239
1002,carbon_monoxide,essentials,0.2348294569248104
1003,carbon_monoxide,checkin_24hr,0.17038463012702182
1004,carbon_monoxide,lock_on_bedroom_door,0.12921652396601832
1005,carbon_monoxide,pool,-0.07243105881398212
1006,carbon_monoxide,hair_dryer,0.22793987649546155
1007,carbon_monoxide,gym,-0.10428972215514742
1008,carbon_monoxide,wheelchair_accessible,0.0396739810997171
1009,carbon_monoxide,iron,0.2236860549661164
1010,carbon_monoxide,shampoo,0.18392081091272583
1011,carbon_monoxide,hangers,0.24427576460774858
1012,carbon_monoxide,first_aid_kit,0.3052466012288714
1013,carbon_monoxide,elevator,-0.10375890265055163
1014,pets_allowed,id,0.0244077571161036
1015,pets_allowed,host_response_rate,0.001848572640626361
1016,pets_allowed,host_acceptance_rate,0.017083337571845644
1017,pets_allowed,latitude,0.023899608655373973
1018,pets_allowed,longtitude,0.03912235208817329
1019,pets_allowed,accomodates,0.10487881999108598
1020,pets_allowed,bathrooms,-0.023987259140499886
1021,pets_allowed,bedrooms,0.058632781794984976
1022,pets_allowed,beds,0.08438301690351474
1023,pets_allowed,price,0.07163826902371906
1024,pets_allowed,security_deposit,0.005115133564793594
1025,pets_allowed,cleaning_fee,0.04245695525525794
1026,pets_allowed,extra_people,0.024328337985182105
1027,pets_allowed,number_of_reviews,-0.0006573002440399692
1028,pets_allowed,review_scores_rating,0.02734682430425533
1029,pets_allowed,wireless_internet,-0.00299270015769764
1030,pets_allowed,smoke_detector,0.04248301981482146
1031,pets_allowed,air_conditioning,0.04491313412114861
1032,pets_allowed,heating,0.032758197904669314
1033,pets_allowed,cable_tv,0.06038456665441941
1034,pets_allowed,washer,0.025514634069593974
1035,pets_allowed,dryer,0.013725596063445308
1036,pets_allowed,family_kid_friendly,0.18776661155571092
1037,pets_allowed,kitchen,0.06406663632299346
1038,pets_allowed,free_parking,0.023326517165581047
1039,pets_allowed,carbon_monoxide,0.03313506981244239
1040,pets_allowed,pets_allowed,1.0
1041,pets_allowed,essentials,0.05296595501857409
1042,pets_allowed,checkin_24hr,0.06834840173928981
1043,pets_allowed,lock_on_bedroom_door,-0.03189264786846996
1044,pets_allowed,pool,0.08409026734900182
1045,pets_allowed,hair_dryer,0.01872930746176161
1046,pets_allowed,gym,0.07439696447991026
1047,pets_allowed,wheelchair_accessible,0.11442214367078837
1048,pets_allowed,iron,0.031275442990479525
1049,pets_allowed,shampoo,0.03619072363352277
1050,pets_allowed,hangers,0.04409943875806286
1051,pets_allowed,first_aid_kit,0.03014171552070811
1052,pets_allowed,elevator,0.05769308625732392
1053,essentials,id,0.1962239713684593
1054,essentials,host_response_rate,0.08034388745040788
1055,essentials,host_acceptance_rate,0.06659258394206302
1056,essentials,latitude,0.05805498893116038
1057,essentials,longtitude,0.012994469277219216
1058,essentials,accomodates,0.1168201160136031
1059,essentials,bathrooms,0.03961294689029145
1060,essentials,bedrooms,0.09679928465019488
1061,essentials,beds,0.08868575305825517
1062,essentials,price,0.029871394270754862
1063,essentials,security_deposit,0.01815494541190604
1064,essentials,cleaning_fee,-0.05006622834930518
1065,essentials,extra_people,0.09903245812562692
1066,essentials,number_of_reviews,0.026301992784424178
1067,essentials,review_scores_rating,0.02346478992681764
1068,essentials,wireless_internet,0.1941669589589757
1069,essentials,smoke_detector,0.24221733944977397
1070,essentials,air_conditioning,0.11758534556291783
1071,essentials,heating,0.2152322210495592
1072,essentials,cable_tv,0.053816558119031646
1073,essentials,washer,0.09107638682125857
1074,essentials,dryer,0.22961169370798112
1075,essentials,family_kid_friendly,0.1418989165278627
1076,essentials,kitchen,0.11758854906552299
1077,essentials,free_parking,0.04344268600435625
1078,essentials,carbon_monoxide,0.2348294569248104
1079,essentials,pets_allowed,0.05296595501857409
1080,essentials,essentials,1.0
1081,essentials,checkin_24hr,0.2502889056728323
1082,essentials,lock_on_bedroom_door,0.07133195597258707
1083,essentials,pool,0.055980746413525635
1084,essentials,hair_dryer,0.29553306270925095
1085,essentials,gym,0.08609423818993842
1086,essentials,wheelchair_accessible,0.009062691124319757
1087,essentials,iron,0.298285943864649
1088,essentials,shampoo,0.45291304140093536
1089,essentials,hangers,0.3209555334869468
1090,essentials,first_aid_kit,0.16664013656605756
1091,essentials,elevator,0.08791053075511822
1092,checkin_24hr,id,0.09196890423285838
1093,checkin_24hr,host_response_rate,0.11819880364220343
1094,checkin_24hr,host_acceptance_rate,0.10138054631341843
1095,checkin_24hr,latitude,0.11288266295468233
1096,checkin_24hr,longtitude,0.05847419096241819
1097,checkin_24hr,accomodates,0.23559611584777032
1098,checkin_24hr,bathrooms,0.054441749436215915
1099,checkin_24hr,bedrooms,0.16154659207850372
1100,checkin_24hr,beds,0.18348573845831298
1101,checkin_24hr,price,0.11362670073515414
1102,checkin_24hr,security_deposit,0.044220194268084344
1103,checkin_24hr,cleaning_fee,0.11699578004710265
1104,checkin_24hr,extra_people,0.0467948326883806
1105,checkin_24hr,number_of_reviews,0.06974127310247875
1106,checkin_24hr,review_scores_rating,0.09014610062219862
1107,checkin_24hr,wireless_internet,0.11785673391601566
1108,checkin_24hr,smoke_detector,0.10409043727051552
1109,checkin_24hr,air_conditioning,0.13264529977005088
1110,checkin_24hr,heating,0.1117990516313372
1111,checkin_24hr,cable_tv,0.19717909255840035
1112,checkin_24hr,washer,0.059663586201291426
1113,checkin_24hr,dryer,0.22069879257394068
1114,checkin_24hr,family_kid_friendly,0.17393163896638109
1115,checkin_24hr,kitchen,0.07116554371979182
1116,checkin_24hr,free_parking,-0.005785287704890377
1117,checkin_24hr,carbon_monoxide,0.17038463012702182
1118,checkin_24hr,pets_allowed,0.06834840173928981
1119,checkin_24hr,essentials,0.2502889056728323
1120,checkin_24hr,checkin_24hr,1.0
1121,checkin_24hr,lock_on_bedroom_door,0.015776564633364465
1122,checkin_24hr,pool,0.08890454125377888
1123,checkin_24hr,hair_dryer,0.47214210006950813
1124,checkin_24hr,gym,0.12287829410670613
1125,checkin_24hr,wheelchair_accessible,0.0574634409394365
1126,checkin_24hr,iron,0.4851982181308748
1127,checkin_24hr,shampoo,0.31878789881536107
1128,checkin_24hr,hangers,0.45657407668577926
1129,checkin_24hr,first_aid_kit,0.08238610452448461
1130,checkin_24hr,elevator,0.11221410600693967
1131,lock_on_bedroom_door,id,0.24120619926135886
1132,lock_on_bedroom_door,host_response_rate,0.03218832223943619
1133,lock_on_bedroom_door,host_acceptance_rate,0.07453089692688154
1134,lock_on_bedroom_door,latitude,-0.062015796448350646
1135,lock_on_bedroom_door,longtitude,-0.03423366561485819
1136,lock_on_bedroom_door,accomodates,-0.17665863098086848
1137,lock_on_bedroom_door,bathrooms,-0.058238234462782555
1138,lock_on_bedroom_door,bedrooms,-0.12399832474009573
1139,lock_on_bedroom_door,beds,-0.13469565339610418
1140,lock_on_bedroom_door,price,-0.13130456787607117
1141,lock_on_bedroom_door,security_deposit,-0.02243939268192473
1142,lock_on_bedroom_door,cleaning_fee,-0.16630062580927743
1143,lock_on_bedroom_door,extra_people,0.0114881851862826
1144,lock_on_bedroom_door,number_of_reviews,-0.05858202588432491
1145,lock_on_bedroom_door,review_scores_rating,-0.07344280094563699
1146,lock_on_bedroom_door,wireless_internet,0.014518898041230527
1147,lock_on_bedroom_door,smoke_detector,0.1625308447545026
1148,lock_on_bedroom_door,air_conditioning,-0.06834376925753216
1149,lock_on_bedroom_door,heating,-0.022996429592935727
1150,lock_on_bedroom_door,cable_tv,-0.14828208034817109
1151,lock_on_bedroom_door,washer,-0.03604782607842663
1152,lock_on_bedroom_door,dryer,0.04496240978465376
1153,lock_on_bedroom_door,family_kid_friendly,-0.07030570655077874
1154,lock_on_bedroom_door,kitchen,-0.11640698500815495
1155,lock_on_bedroom_door,free_parking,0.01737570815908286
1156,lock_on_bedroom_door,carbon_monoxide,0.12921652396601832
1157,lock_on_bedroom_door,pets_allowed,-0.03189264786846996
1158,lock_on_bedroom_door,essentials,0.07133195597258707
1159,lock_on_bedroom_door,checkin_24hr,0.015776564633364465
1160,lock_on_bedroom_door,lock_on_bedroom_door,1.0
1161,lock_on_bedroom_door,pool,-0.060438022971138
1162,lock_on_bedroom_door,hair_dryer,0.11785491934008417
1163,lock_on_bedroom_door,gym,-0.0734151454805335
1164,lock_on_bedroom_door,wheelchair_accessible,-0.039605877733936645
1165,lock_on_bedroom_door,iron,0.10593253576256309
1166,lock_on_bedroom_door,shampoo,0.006860890098816543
1167,lock_on_bedroom_door,hangers,0.17816096170314885
1168,lock_on_bedroom_door,first_aid_kit,0.10900003917818576
1169,lock_on_bedroom_door,elevator,-0.0956682945997504
1170,pool,id,0.0020848074887562197
1171,pool,host_response_rate,0.005796391933592525
1172,pool,host_acceptance_rate,-0.08457853578869155
1173,pool,latitude,0.06198143689093319
1174,pool,longtitude,0.028390521471393235
1175,pool,accomodates,0.08915795000697972
1176,pool,bathrooms,0.07685543894919697
1177,pool,bedrooms,0.06551828204185747
1178,pool,beds,0.03224971297794482
1179,pool,price,0.08842222976508067
1180,pool,security_deposit,-0.017081133374012854
1181,pool,cleaning_fee,0.18283493447561147
1182,pool,extra_people,-0.07792300216950138
1183,pool,number_of_reviews,-0.07661299074459613
1184,pool,review_scores_rating,-0.09031125018276144
1185,pool,wireless_internet,0.021461408498494036
1186,pool,smoke_detector,-0.09306973660731978
1187,pool,air_conditioning,0.10588235970941434
1188,pool,heating,0.0291879917323799
1189,pool,cable_tv,0.13510775521745386
1190,pool,washer,0.11844884893749467
1191,pool,dryer,0.08157245083514865
1192,pool,family_kid_friendly,0.14539076375866386
1193,pool,kitchen,0.04108041967555791
1194,pool,free_parking,-0.020696740775280855
1195,pool,carbon_monoxide,-0.07243105881398212
1196,pool,pets_allowed,0.08409026734900182
1197,pool,essentials,0.055980746413525635
1198,pool,checkin_24hr,0.08890454125377888
1199,pool,lock_on_bedroom_door,-0.060438022971138
1200,pool,pool,1.0
1201,pool,hair_dryer,0.06801753651371163
1202,pool,gym,0.4947949306642674
1203,pool,wheelchair_accessible,0.11811232091477297
1204,pool,iron,0.06327477037264248
1205,pool,shampoo,0.06909183385810794
1206,pool,hangers,0.028284787470501442
1207,pool,first_aid_kit,-0.0870820782319914
1208,pool,elevator,0.3414015329085242
1209,hair_dryer,id,0.19144531943673862
1210,hair_dryer,host_response_rate,0.16728503094603317
1211,hair_dryer,host_acceptance_rate,0.16145538824654207
1212,hair_dryer,latitude,0.06270998960220044
1213,hair_dryer,longtitude,0.04902948184847642
1214,hair_dryer,accomodates,0.18670468273832125
1215,hair_dryer,bathrooms,0.04214357030092009
1216,hair_dryer,bedrooms,0.09891818075604529
1217,hair_dryer,beds,0.14604063158043384
1218,hair_dryer,price,0.08446431528752739
1219,hair_dryer,security_deposit,0.08456787335166503
1220,hair_dryer,cleaning_fee,0.06112989617278923
1221,hair_dryer,extra_people,0.08543117969317922
1222,hair_dryer,number_of_reviews,0.02516355517276544
1223,hair_dryer,review_scores_rating,0.03366115354226157
1224,hair_dryer,wireless_internet,0.15179480184261773
1225,hair_dryer,smoke_detector,0.17631612218981027
1226,hair_dryer,air_conditioning,0.12390019121922612
1227,hair_dryer,heating,0.1274110698733677
1228,hair_dryer,cable_tv,0.053414147669548974
1229,hair_dryer,washer,0.055180618126560096
1230,hair_dryer,dryer,0.44935534545459954
1231,hair_dryer,family_kid_friendly,0.15448948089442394
1232,hair_dryer,kitchen,0.03832992759407379
1233,hair_dryer,free_parking,0.017999506130905563
1234,hair_dryer,carbon_monoxide,0.22793987649546155
1235,hair_dryer,pets_allowed,0.01872930746176161
1236,hair_dryer,essentials,0.29553306270925095
1237,hair_dryer,checkin_24hr,0.47214210006950813
1238,hair_dryer,lock_on_bedroom_door,0.11785491934008417
1239,hair_dryer,pool,0.06801753651371163
1240,hair_dryer,hair_dryer,1.0
1241,hair_dryer,gym,0.07219636109280993
1242,hair_dryer,wheelchair_accessible,0.02029302537041576
1243,hair_dryer,iron,0.7204773667180334
1244,hair_dryer,shampoo,0.3884237355484486
1245,hair_dryer,hangers,0.6287816815797506
1246,hair_dryer,first_aid_kit,0.13683217090644578
1247,hair_dryer,elevator,0.06189164348751763
1248,gym,id,0.03658202208724836
1249,gym,host_response_rate,0.00024069552694118255
1250,gym,host_acceptance_rate,-0.14521412014425
1251,gym,latitude,0.12241293245901111
1252,gym,longtitude,0.09004900938115247
1253,gym,accomodates,0.13746052113425503
1254,gym,bathrooms,0.13785405948441634
1255,gym,bedrooms,0.09892771294929105
1256,gym,beds,0.052735917899043167
1257,gym,price,0.18446308303676479
1258,gym,security_deposit,-0.07009508708303785
1259,gym,cleaning_fee,0.22804249662280765
1260,gym,extra_people,-0.1389244994549328
1261,gym,number_of_reviews,-0.12741106565771135
1262,gym,review_scores_rating,-0.18638733216611908
1263,gym,wireless_internet,0.0035802520378182667
1264,gym,smoke_detector,-0.1551602121929253
1265,gym,air_conditioning,0.17633911664619462
1266,gym,heating,0.0636345939466989
1267,gym,cable_tv,0.2156463986942453
1268,gym,washer,0.2133398345880175
1269,gym,dryer,0.13932378544922266
1270,gym,family_kid_friendly,0.22124598305502705
1271,gym,kitchen,0.08046014383925176
1272,gym,free_parking,-0.06626305189003937
1273,gym,carbon_monoxide,-0.10428972215514742
1274,gym,pets_allowed,0.07439696447991026
1275,gym,essentials,0.08609423818993842
1276,gym,checkin_24hr,0.12287829410670613
1277,gym,lock_on_bedroom_door,-0.0734151454805335
1278,gym,pool,0.4947949306642674
1279,gym,hair_dryer,0.07219636109280993
1280,gym,gym,1.0
1281,gym,wheelchair_accessible,0.1822517309816106
1282,gym,iron,0.08652166184878056
1283,gym,shampoo,0.09546407470527436
1284,gym,hangers,0.012830387853450564
1285,gym,first_aid_kit,-0.1310937215279182
1286,gym,elevator,0.5627293731890061
1287,wheelchair_accessible,id,-0.038687208320389355
1288,wheelchair_accessible,host_response_rate,-0.04773363935358475
1289,wheelchair_accessible,host_acceptance_rate,-0.0580320431220561
1290,wheelchair_accessible,latitude,0.06352578427264637
1291,wheelchair_accessible,longtitude,0.07535491988825505
1292,wheelchair_accessible,accomodates,0.021196961836575625
1293,wheelchair_accessible,bathrooms,-0.0418179392683197
1294,wheelchair_accessible,bedrooms,-0.006243619616319479
1295,wheelchair_accessible,beds,-0.0021346822028478316
1296,wheelchair_accessible,price,0.06091075210092289
1297,wheelchair_accessible,security_deposit,0.02685659606487896
1298,wheelchair_accessible,cleaning_fee,0.04002098818970035
1299,wheelchair_accessible,extra_people,-0.0068992010807225005
1300,wheelchair_accessible,number_of_reviews,-0.017408851506358618
1301,wheelchair_accessible,review_scores_rating,0.018343287414526545
1302,wheelchair_accessible,wireless_internet,-0.021672771908194725
1303,wheelchair_accessible,smoke_detector,0.04602236742948978
1304,wheelchair_accessible,air_conditioning,0.07032783380319384
1305,wheelchair_accessible,heating,0.02619464035717602
1306,wheelchair_accessible,cable_tv,0.08112880193930926
1307,wheelchair_accessible,washer,0.07528282238324023
1308,wheelchair_accessible,dryer,0.05452677003589988
1309,wheelchair_accessible,family_kid_friendly,0.08721527964928118
1310,wheelchair_accessible,kitchen,0.03248922323251965
1311,wheelchair_accessible,free_parking,-0.03534601748156861
1312,wheelchair_accessible,carbon_monoxide,0.0396739810997171
1313,wheelchair_accessible,pets_allowed,0.11442214367078837
1314,wheelchair_accessible,essentials,0.009062691124319757
1315,wheelchair_accessible,checkin_24hr,0.0574634409394365
1316,wheelchair_accessible,lock_on_bedroom_door,-0.039605877733936645
1317,wheelchair_accessible,pool,0.11811232091477297
1318,wheelchair_accessible,hair_dryer,0.02029302537041576
1319,wheelchair_accessible,gym,0.1822517309816106
1320,wheelchair_accessible,wheelchair_accessible,1.0
1321,wheelchair_accessible,iron,0.02113226570906704
1322,wheelchair_accessible,shampoo,0.021120432138375396
1323,wheelchair_accessible,hangers,0.019893082664734555
1324,wheelchair_accessible,first_aid_kit,0.009566041368777757
1325,wheelchair_accessible,elevator,0.31803820137394606
1326,iron,id,0.2121559661233459
1327,iron,host_response_rate,0.1639315868129248
1328,iron,host_acceptance_rate,0.13930975005382631
1329,iron,latitude,0.043469888942365344
1330,iron,longtitude,0.07663915128892708
1331,iron,accomodates,0.18745232634620418
1332,iron,bathrooms,0.057926960078445305
1333,iron,bedrooms,0.10463074999113618
1334,iron,beds,0.13819687761789315
1335,iron,price,0.09430450335191688
1336,iron,security_deposit,0.04979190585964087
1337,iron,cleaning_fee,0.062331947682540696
1338,iron,extra_people,0.06756608790495547
1339,iron,number_of_reviews,0.0031912938215703794
1340,iron,review_scores_rating,0.025446988307622386
1341,iron,wireless_internet,0.1432108223153885
1342,iron,smoke_detector,0.17947760070485178
1343,iron,air_conditioning,0.17109486885455238
1344,iron,heating,0.14429414051125306
1345,iron,cable_tv,0.11548257287352169
1346,iron,washer,0.04464466640334896
1347,iron,dryer,0.31538076375748536
1348,iron,family_kid_friendly,0.17021016768009017
1349,iron,kitchen,0.049255265210157474
1350,iron,free_parking,0.018024126129772985
1351,iron,carbon_monoxide,0.2236860549661164
1352,iron,pets_allowed,0.031275442990479525
1353,iron,essentials,0.298285943864649
1354,iron,checkin_24hr,0.4851982181308748
1355,iron,lock_on_bedroom_door,0.10593253576256309
1356,iron,pool,0.06327477037264248
1357,iron,hair_dryer,0.7204773667180334
1358,iron,gym,0.08652166184878056
1359,iron,wheelchair_accessible,0.02113226570906704
1360,iron,iron,1.0
1361,iron,shampoo,0.35692448963497714
1362,iron,hangers,0.635142966907136
1363,iron,first_aid_kit,0.13802370112070725
1364,iron,elevator,0.07607791668943373
1365,shampoo,id,0.11582314533172904
1366,shampoo,host_response_rate,0.17143258159680255
1367,shampoo,host_acceptance_rate,0.16156723352623883
1368,shampoo,latitude,0.0638250730976828
1369,shampoo,longtitude,0.01439576480472901
1370,shampoo,accomodates,0.13833572282173817
1371,shampoo,bathrooms,0.024646212114142616
1372,shampoo,bedrooms,0.0874753603273553
1373,shampoo,beds,0.11534110878391725
1374,shampoo,price,0.042782882621474595
1375,shampoo,security_deposit,0.018188472981552066
1376,shampoo,cleaning_fee,-0.014213691020859323
1377,shampoo,extra_people,0.10604916908122979
1378,shampoo,number_of_reviews,0.08046018791636413
1379,shampoo,review_scores_rating,0.05838433428010823
1380,shampoo,wireless_internet,0.19887039854500216
1381,shampoo,smoke_detector,0.1633815581730412
1382,shampoo,air_conditioning,0.13519746478025713
1383,shampoo,heating,0.1754021537867277
1384,shampoo,cable_tv,0.035380766025255424
1385,shampoo,washer,0.08194300213426348
1386,shampoo,dryer,0.24672731142931853
1387,shampoo,family_kid_friendly,0.17897254880917945
1388,shampoo,kitchen,0.08005408675998593
1389,shampoo,free_parking,0.08260603839160292
1390,shampoo,carbon_monoxide,0.18392081091272583
1391,shampoo,pets_allowed,0.03619072363352277
1392,shampoo,essentials,0.45291304140093536
1393,shampoo,checkin_24hr,0.31878789881536107
1394,shampoo,lock_on_bedroom_door,0.006860890098816543
1395,shampoo,pool,0.06909183385810794
1396,shampoo,hair_dryer,0.3884237355484486
1397,shampoo,gym,0.09546407470527436
1398,shampoo,wheelchair_accessible,0.021120432138375396
1399,shampoo,iron,0.35692448963497714
1400,shampoo,shampoo,1.0
1401,shampoo,hangers,0.3517112251871289
1402,shampoo,first_aid_kit,0.20365460448501652
1403,shampoo,elevator,0.07902600421799989
1404,hangers,id,0.2995086473981452
1405,hangers,host_response_rate,0.14394871301984777
1406,hangers,host_acceptance_rate,0.18307549393637107
1407,hangers,latitude,0.014755637212030314
1408,hangers,longtitude,0.005580743365166204
1409,hangers,accomodates,0.10538456089835396
1410,hangers,bathrooms,0.0005557941792255886
1411,hangers,bedrooms,0.08318960083221244
1412,hangers,beds,0.11129841249825323
1413,hangers,price,0.009879647042002646
1414,hangers,security_deposit,0.0739993004705425
1415,hangers,cleaning_fee,0.012936330883559412
1416,hangers,extra_people,0.08078598658631186
1417,hangers,number_of_reviews,-0.02635642184613483
1418,hangers,review_scores_rating,0.022964692707571708
1419,hangers,wireless_internet,0.11496257580739819
1420,hangers,smoke_detector,0.21569594708094228
1421,hangers,air_conditioning,0.04662108296253237
1422,hangers,heating,0.14218417816312737
1423,hangers,cable_tv,-0.01688204132499163
1424,hangers,washer,0.028645606439248236
1425,hangers,dryer,0.2928610360435231
1426,hangers,family_kid_friendly,0.1254460346585078
1427,hangers,kitchen,0.0235969079645741
1428,hangers,free_parking,0.03430525701799495
1429,hangers,carbon_monoxide,0.24427576460774858
1430,hangers,pets_allowed,0.04409943875806286
1431,hangers,essentials,0.3209555334869468
1432,hangers,checkin_24hr,0.45657407668577926
1433,hangers,lock_on_bedroom_door,0.17816096170314885
1434,hangers,pool,0.028284787470501442
1435,hangers,hair_dryer,0.6287816815797506
1436,hangers,gym,0.012830387853450564
1437,hangers,wheelchair_accessible,0.019893082664734555
1438,hangers,iron,0.635142966907136
1439,hangers,shampoo,0.3517112251871289
1440,hangers,hangers,1.0
1441,hangers,first_aid_kit,0.1037197014448559
1442,hangers,elevator,0.038501003691297685
1443,first_aid_kit,id,-0.034668273480159946
1444,first_aid_kit,host_response_rate,0.05734051460390361
1445,first_aid_kit,host_acceptance_rate,0.09521713542458109
1446,first_aid_kit,latitude,-0.16579935328607265
1447,first_aid_kit,longtitude,-0.0979619241787684
1448,first_aid_kit,accomodates,0.004847028132821344
1449,first_aid_kit,bathrooms,0.007795277874996456
1450,first_aid_kit,bedrooms,0.033704853685421754
1451,first_aid_kit,beds,0.052342601085739786
1452,first_aid_kit,price,-0.06028423212020892
1453,first_aid_kit,security_deposit,0.03692994396530847
1454,first_aid_kit,cleaning_fee,-0.11316615835584909
1455,first_aid_kit,extra_people,0.13539367151832998
1456,first_aid_kit,number_of_reviews,0.14590168738225218
1457,first_aid_kit,review_scores_rating,0.12542348946392443
1458,first_aid_kit,wireless_internet,0.05445299689637986
1459,first_aid_kit,smoke_detector,0.29207331221091043
1460,first_aid_kit,air_conditioning,0.020188127912428844
1461,first_aid_kit,heating,0.06796143642133731
1462,first_aid_kit,cable_tv,-0.07064258856728754
1463,first_aid_kit,washer,0.010739295568169835
1464,first_aid_kit,dryer,0.061742179774925056
1465,first_aid_kit,family_kid_friendly,0.016125820347298928
1466,first_aid_kit,kitchen,-0.019268547969704536
1467,first_aid_kit,free_parking,0.1613917347122868
1468,first_aid_kit,carbon_monoxide,0.3052466012288714
1469,first_aid_kit,pets_allowed,0.03014171552070811
1470,first_aid_kit,essentials,0.16664013656605756
1471,first_aid_kit,checkin_24hr,0.08238610452448461
1472,first_aid_kit,lock_on_bedroom_door,0.10900003917818576
1473,first_aid_kit,pool,-0.0870820782319914
1474,first_aid_kit,hair_dryer,0.13683217090644578
1475,first_aid_kit,gym,-0.1310937215279182
1476,first_aid_kit,wheelchair_accessible,0.009566041368777757
1477,first_aid_kit,iron,0.13802370112070725
1478,first_aid_kit,shampoo,0.20365460448501652
1479,first_aid_kit,hangers,0.1037197014448559
1480,first_aid_kit,first_aid_kit,1.0
1481,first_aid_kit,elevator,-0.15451420334504445
1482,elevator,id,0.05056665433947572
1483,elevator,host_response_rate,-0.039385344569262376
1484,elevator,host_acceptance_rate,-0.14194593847716733
1485,elevator,latitude,0.22087231796840254
1486,elevator,longtitude,0.0976988818543481
1487,elevator,accomodates,0.0963445982291292
1488,elevator,bathrooms,0.05499505613909427
1489,elevator,bedrooms,0.031817238565390045
1490,elevator,beds,0.022385008026486956
1491,elevator,price,0.22150272401870144
1492,elevator,security_deposit,0.0064530427108261046
1493,elevator,cleaning_fee,0.18273060311732373
1494,elevator,extra_people,-0.14381894528480657
1495,elevator,number_of_reviews,-0.13185274492971133
1496,elevator,review_scores_rating,-0.13764247598728707
1497,elevator,wireless_internet,0.008438823171673084
1498,elevator,smoke_detector,-0.09801513785677059
1499,elevator,air_conditioning,0.1939650996082495
1500,elevator,heating,0.0726492780751896
1501,elevator,cable_tv,0.18553035172548846
1502,elevator,washer,0.21514216174172857
1503,elevator,dryer,0.16017972093271976
1504,elevator,family_kid_friendly,0.1772108279526158
1505,elevator,kitchen,0.11711420798285907
1506,elevator,free_parking,-0.165082146207866
1507,elevator,carbon_monoxide,-0.10375890265055163
1508,elevator,pets_allowed,0.05769308625732392
1509,elevator,essentials,0.08791053075511822
1510,elevator,checkin_24hr,0.11221410600693967
1511,elevator,lock_on_bedroom_door,-0.0956682945997504
1512,elevator,pool,0.3414015329085242
1513,elevator,hair_dryer,0.06189164348751763
1514,elevator,gym,0.5627293731890061
1515,elevator,wheelchair_accessible,0.31803820137394606
1516,elevator,iron,0.07607791668943373
1517,elevator,shampoo,0.07902600421799989
1518,elevator,hangers,0.038501003691297685
1519,elevator,first_aid_kit,-0.15451420334504445
1520,elevator,elevator,1.0
